[
	{
		"model": "website.AnswerChoiceGroup",
		"pk":1,
		"fields":{
			"name": "Radio: Yes No",
			"description": "Radio: Yes No"
		}
	},
	{
		"model": "website.AnswerChoice",
		"pk":1,
		"fields":{
            "answer_choice_group": "1",
			"label": "Yes",
			"value": "Yes",
            "display_order": "1"
		}
	},    
 	{
		"model": "website.AnswerChoice",
		"pk":2,
		"fields":{
            "answer_choice_group": "1",
			"label": "No",
			"value": "No",
            "display_order": "2"
		}
	},    
	{
		"model": "website.AnswerChoiceGroup",
		"pk":2,
		"fields":{
			"name": "Radio: Yes No NA",
			"description": "Radio: Yes No NA"
		}
	},   
	{
		"model": "website.AnswerChoice",
		"pk":3,
		"fields":{
            "answer_choice_group": "2",
			"label": "Yes",
			"value": "Yes",
            "display_order": "1"
		}
	},    
 	{
		"model": "website.AnswerChoice",
		"pk":4,
		"fields":{
            "answer_choice_group": "2",
			"label": "No",
			"value": "No",
            "display_order": "2"
		}
	}, 
 	{
		"model": "website.AnswerChoice",
		"pk":5,
		"fields":{
            "answer_choice_group": "2",
			"label": "NA",
			"value": "NA",
            "display_order": "3"
		}
	},           
	{
		"model": "website.AnswerChoiceGroup",
		"pk":3,
		"fields":{
			"name": "Dropdown: PV array dimensions required?",
			"description": "Dropdown: PV array dimensions required?"
		}
	}, 
	{
		"model": "website.AnswerChoice",
		"pk":6,
		"fields":{
            "answer_choice_group": "3",
			"label": "Array dimensions are required.",
			"value": "Array dimensions are required.",
            "display_order": "1"
		}
	},    
 	{
		"model": "website.AnswerChoice",
		"pk":7,
		"fields":{
            "answer_choice_group": "3",
			"label": "Array dimensions are not required.",
			"value": "Array dimensions are not required.",
            "display_order": "2"
		}
	},     
	{
		"model": "website.AnswerChoiceGroup",
		"pk":4,
		"fields":{
			"name": "Dropdown: Is a roof surface description required?",
			"description": "Dropdown: Is a roof surface description required?"
		}
	},
	{
		"model": "website.AnswerChoice",
		"pk":8,
		"fields":{
            "answer_choice_group": "4",
			"label": "Yes, a roof description as well as an inspection is required.",
			"value": "Yes, a roof description as well as an inspection is required.",
            "display_order": "1"
		}
	},    
 	{
		"model": "website.AnswerChoice",
		"pk":9,
		"fields":{
            "answer_choice_group": "4",
			"label": "No, a roof description as well as an inspection is not required.",
			"value": "No, a roof description as well as an inspection is not required.",
            "display_order": "2"
		}
	},     
	{
		"model": "website.AnswerChoiceGroup",
		"pk":5,
		"fields":{
			"name": "Dropdown: If Roof surface description is required, must layers of shingles be noted?",
			"description": "Dropdown: If Roof surface description is required, must layers of shingles be noted?"
		}
	},
	{
		"model": "website.AnswerChoice",
		"pk":10,
		"fields":{
            "answer_choice_group": "5",
			"label": "Roof description is required, and layers of shingles must be noted.",
			"value": "roof description is required, and layers of shingles must be noted.",
            "display_order": "1"
		}
	},    
 	{
		"model": "website.AnswerChoice",
		"pk":11,
		"fields":{
            "answer_choice_group": "5",
			"label": "No, roof description is not required.",
			"value": "No, roof description is not required.",
            "display_order": "2"
		}
	},   
          
	{
		"model": "website.AnswerChoiceGroup",
		"pk":6,
		"fields":{
			"name": "Dropdown: Roof rafter size/spacing required",
			"description": "Dropdown: Roof rafter size/spacing required"
		}
	},
	{
		"model": "website.AnswerChoice",
		"pk":12,
		"fields":{
            "answer_choice_group": "6",
			"label": "Yes, rafter sizing is required.",
			"value": "Yes, rafter sizing is required.",
            "display_order": "1"
		}
	},    
 	{
		"model": "website.AnswerChoice",
		"pk":13,
		"fields":{
            "answer_choice_group": "6",
			"label": "No, rafter sizing is not required.",
			"value": "No, rafter sizing is not required.",
            "display_order": "2"
		}
	},      
	{
		"model": "website.AnswerChoiceGroup",
		"pk":7,
		"fields":{
			"name": "Dropdown: Load calculations required?",
			"description": "Dropdown: Load calculations required?"
		}
	}, 
	{
		"model": "website.AnswerChoice",
		"pk":14,
		"fields":{
            "answer_choice_group": "7",
			"label": "Load calculations are required.",
			"value": "Load calculations are required.",
            "display_order": "1"
		}
	},    
 	{
		"model": "website.AnswerChoice",
		"pk":15,
		"fields":{
            "answer_choice_group": "7",
			"label": "Load calculations are not required.",
			"value": "Load calculations are not required.",
            "display_order": "2"
		}
	},      
	{
		"model": "website.AnswerChoiceGroup",
		"pk":8,
		"fields":{
			"name": "Dropdown: Attachment location with array layout required?",
			"description": "Dropdown: Attachment location with array layout required?"
		}
	},  
	{
		"model": "website.AnswerChoice",
		"pk":16,
		"fields":{
            "answer_choice_group": "8",
			"label": "Yes, it is required.",
			"value": "Yes, it is required.",
            "display_order": "1"
		}
    },    
 	{
		"model": "website.AnswerChoice",
		"pk":17,
		"fields":{
            "answer_choice_group": "8",
			"label": "No, it is not required.",
			"value": "No, it is not required.",
            "display_order": "2"
		}
	},      
	{
		"model": "website.AnswerChoiceGroup",
		"pk":9,
		"fields":{
			"name": "Dropdown: Attachment detail required on plan set?",
			"description": "Dropdown: Attachment detail required on plan set?"
		}
	}, 
	{
		"model": "website.AnswerChoice",
		"pk":18,
		"fields":{
            "answer_choice_group": "9",
			"label": "Yes, it is required.",
			"value": "Yes, it is required.",
            "display_order": "1"
		}
    },    
 	{
		"model": "website.AnswerChoice",
		"pk":19,
		"fields":{
            "answer_choice_group": "9",
			"label": "No, it is not required.",
			"value": "No, it is not required.",
            "display_order": "2"
		}
	},    
    
    
    
	{
		"model": "website.AnswerChoiceGroup",
		"pk":10,
		"fields":{
			"name": "Dropdown: Can attic vents be covered by array?",
			"description": "Dropdown: Can attic vents be covered by array?"
		}
	}, 
	{
		"model": "website.AnswerChoice",
		"pk":20,
		"fields":{
            "answer_choice_group": "10",
			"label": "Attic vents must be covered.",
			"value": "Attic vents must be covered.",
            "display_order": "1"
		}
    },    
	{
		"model": "website.AnswerChoice",
		"pk":21,
		"fields":{
            "answer_choice_group": "10",
			"label": "Attic vents must not be covered.",
			"value": "Attic vents must not be covered.",
            "display_order": "2"
		}
    },           
	{
		"model": "website.AnswerChoiceGroup",
		"pk":11,
		"fields":{
			"name": "Dropdown: If attic vents can be covered by the array...",
			"description": "Dropdown: If attic vents can be covered by the array, what is the minimum distance between vents and modules?"
		}
	},   
	{
		"model": "website.AnswerChoice",
		"pk":22,
		"fields":{
            "answer_choice_group": "11",
			"label": "Attic vents must be covered.",
			"value": "Attic vents must be covered.",
            "display_order": "1"
		}
    },    
	{
		"model": "website.AnswerChoice",
		"pk":23,
		"fields":{
            "answer_choice_group": "11",
			"label": "Attic vents must not be covered.",
			"value": "Attic vents must not be covered.",
            "display_order": "2"
		}
    },          
	{
		"model": "website.AnswerChoiceGroup",
		"pk":12,
		"fields":{
			"name": "Dropdown: Can studer vents be used to remove existing plumbing vents from roof?",
			"description": "Dropdown: Can studer vents be used to remove existing plumbing vents from roof?"
		}
	},
	{
		"model": "website.AnswerChoice",
		"pk":24,
		"fields":{
            "answer_choice_group": "12",
			"label": "Yes, they can.",
			"value": "Yes, they can.",
            "display_order": "1"
		}
    },    
	{
		"model": "website.AnswerChoice",
		"pk":25,
		"fields":{
            "answer_choice_group": "12",
			"label": "No, they cannot.",
			"value": "No, they cannot.",
            "display_order": "2"
		}
    },         
	{
		"model": "website.AnswerChoiceGroup",
		"pk":13,
		"fields":{
			"name": "Dropdown: What are the page size requirements for submittals in this jurisdiction?",
			"description": "Dropdown: What are the page size requirements for submittals in this jurisdiction?"
		}
	},
	{
		"model": "website.AnswerChoice",
		"pk":26,
		"fields":{
            "answer_choice_group": "13",
			"label": "11 x 17 is the only accepted size.",
			"value": "11 x 17 is the only accepted size.",
            "display_order": "1"
		}
    },      
	{
		"model": "website.AnswerChoiceGroup",
		"pk":14,
		"fields":{
			"name": "Dropdown: What drawing scales are acceptable in this jurisdiction?",
			"description": "Dropdown: What drawing scales are acceptable in this jurisdiction?"
		}
	},
	{
		"model": "website.AnswerChoice",
		"pk":27,
		"fields":{
            "answer_choice_group": "14",
			"label": "11 x 17 is the only scale allowed.",
			"value": "11 x 17 is the only scale allowed.",
            "display_order": "1"
		}
    },    
	{
		"model": "website.AnswerChoiceGroup",
		"pk":15,
		"fields":{
			"name": "Dropdown: Are architectural dimensions required?",
			"description": "Dropdown: Are architectural dimensions required?"
		}
	},
	{
		"model": "website.AnswerChoice",
		"pk":28,
		"fields":{
            "answer_choice_group": "15",
			"label": "Yes, they are required.",
			"value": "Yes, they are required.",
            "display_order": "1"
		}
    },  
	{
		"model": "website.AnswerChoice",
		"pk":29,
		"fields":{
            "answer_choice_group": "15",
			"label": "No, they are not required.",
			"value": "No, they are not required.",
            "display_order": "2"
		}
    },          
	{
		"model": "website.AnswerChoiceGroup",
		"pk":16,
		"fields":{
			"name": "Dropdown: If a PE stamped structural letter is not required...",
			"description": "Dropdown: If a PE stamped structural letter is not required, are dead load calculations required?"
		}
	},
	{
		"model": "website.AnswerChoice",
		"pk":30,
		"fields":{
            "answer_choice_group": "16",
			"label": "PE Stamp is required.",
			"value": "PE Stamp is required.",
            "display_order": "1"
		}
    },  
	{
		"model": "website.AnswerChoice",
		"pk":31,
		"fields":{
            "answer_choice_group": "16",
			"label": "PE Stamp is not required.",
			"value": "PE Stamp is not required.",
            "display_order": "2"
		}
    },     
	{
		"model": "website.AnswerChoiceGroup",
		"pk":17,
		"fields":{
			"name": "Dropdown: Which Version of the NEC Code is used by this jurisdiction for solar permitting?",
			"description": "Dropdown: Which Version of the NEC Code is used by this jurisdiction for solar permitting?"
		}
	},
	{
		"model": "website.AnswerChoice",
		"pk":32,
		"fields":{
            "answer_choice_group": "17",
			"label": "70",
			"value": "70",
            "display_order": "1"
		}
    },    
	{
		"model": "website.AnswerChoiceGroup",
		"pk":18,
		"fields":{
			"name": "Dropdown: Every module needs to be drawn or \"10 modules in series\" in rectangle ok?",
			"description": "Dropdown: Every module needs to be drawn or \"10 modules in series\" in rectangle ok?"
		}
	},
	{
		"model": "website.AnswerChoice",
		"pk":33,
		"fields":{
            "answer_choice_group": "18",
			"label": "Every module must be drawn in this jurisdiction.",
			"value": "Every module must be drawn in this jurisdiction.",
            "display_order": "1"
		}
    },       
	{
		"model": "website.AnswerChoiceGroup",
		"pk":19,
		"fields":{
			"name": "Dropdown: Equipment specs shown w/ equipment required?",
			"description": "Dropdown: Equipment specs shown w/ equipment required?"
		}
	},
	{
		"model": "website.AnswerChoice",
		"pk":34,
		"fields":{
            "answer_choice_group": "19",
			"label": "Equipment specs must always be shown with equipment.",
			"value": "Equipment specs must always be shown with equipment.",
            "display_order": "1"
		}
    },  
	{
		"model": "website.AnswerChoice",
		"pk":35,
		"fields":{
            "answer_choice_group": "19",
			"label": "Equipment specs is not required to be shown with equipment.",
			"value": "Equipment specs is not required to be shown with equipment.",
            "display_order": "2"
		}
    },    
	{
		"model": "website.AnswerChoiceGroup",
		"pk":20,
		"fields":{
			"name": "Dropdown: Actual placard scale drawings need to be included?",
			"description": "Dropdown: Actual placard scale drawings need to be included?"
		}
	},      
	{
		"model": "website.AnswerChoice",
		"pk":36,
		"fields":{
            "answer_choice_group": "20",
			"label": "Yes, they need to be included.",
			"value": "Yes, they need to be included.",
            "display_order": "1"
		}
    },  
	{
		"model": "website.AnswerChoice",
		"pk":37,
		"fields":{
            "answer_choice_group": "20",
			"label": "No, they do not have to be included.",
			"value": "No, they do not have to be included.",
            "display_order": "2"
		}
    },           
	{
		"model": "website.AnswerChoiceGroup",
		"pk":21,
		"fields":{
			"name": "Dropdown: Are line side taps permitted?",
			"description": "Dropdown: Are line side taps permitted? Can this be done inside main panel or do we need a separate j-box?"
		}
	}, 
	{
		"model": "website.AnswerChoice",
		"pk":38,
		"fields":{
            "answer_choice_group": "21",
			"label": "Line side taps are permitted.",
			"value": "Line side taps are permitted.",
            "display_order": "1"
		}
    },  
	{
		"model": "website.AnswerChoice",
		"pk":39,
		"fields":{
            "answer_choice_group": "21",
			"label": "Line side taps are not permitted.",
			"value": "Line side taps are not permitted.",
            "display_order": "2"
		}
    },       
	{
		"model": "website.AnswerChoiceGroup",
		"pk":22,
		"fields":{
			"name": "Dropdown: Individual distances between electrical equipment called out?",
			"description": "Dropdown: Individual distances between electrical equipment called out?"
		}
	}, 
	{
		"model": "website.AnswerChoice",
		"pk":40,
		"fields":{
            "answer_choice_group": "22",
			"label": "Yes, distances must be noted.",
			"value": "Yes, distances must be noted.",
            "display_order": "1"
		}
    },  
	{
		"model": "website.AnswerChoice",
		"pk":41,
		"fields":{
            "answer_choice_group": "22",
			"label": "No, distances is not required to be noted.",
			"value": "No, distances is not required to be noted.",
            "display_order": "2"
		}
    },      
	{
		"model": "website.AnswerChoiceGroup",
		"pk":23,
		"fields":{
			"name": "Dropdown: Electrical Conduit Run shown on site plan?",
			"description": "Dropdown: Electrical Conduit Run shown on site plan?"
		}
	}, 
	{
		"model": "website.AnswerChoice",
		"pk":42,
		"fields":{
            "answer_choice_group": "23",
			"label": "Yes, runs must be shown.",
			"value": "Yes, runs must be shown.",
            "display_order": "1"
		}
    },  
	{
		"model": "website.AnswerChoice",
		"pk":43,
		"fields":{
            "answer_choice_group": "23",
			"label": "No, runs is not required to be shown.",
			"value": "No, runs is not required to be shown.",
            "display_order": "2"
		}
    },     
	{
		"model": "website.AnswerChoiceGroup",
		"pk":24,
		"fields":{
			"name": "Dropdown: Voltage drop calcs required?",
			"description": "Dropdown: Voltage drop calcs required?"
		}
	},     
	{
		"model": "website.AnswerChoice",
		"pk":44,
		"fields":{
            "answer_choice_group": "24",
			"label": "Voltage Drop calculations must be provided on any array producing more then 5 kilowatts.",
			"value": "Voltage Drop calculations must be provided on any array producing more then 5 kilowatts.",
            "display_order": "1"
		}
    },      
	{
		"model": "website.AnswerChoiceGroup",
		"pk":25,
		"fields":{
			"name": "Dropdown: Rough structural inspection required?",
			"description": "Dropdown: Rough structural inspection required?"
		}
	}, 
	{
		"model": "website.AnswerChoice",
		"pk":45,
		"fields":{
            "answer_choice_group": "25",
			"label": "Inspection is required.",
			"value": "Inspection is required.",
            "display_order": "1"
		}
    },  
	{
		"model": "website.AnswerChoice",
		"pk":46,
		"fields":{
            "answer_choice_group": "25",
			"label": "Inspection is not required.",
			"value": "Inspection is not required.",
            "display_order": "2"
		}
    },     
	{
		"model": "website.AnswerChoiceGroup",
		"pk":26,
		"fields":{
			"name": "Dropdown: Rough electrical inspection required?",
			"description": "Dropdown: Rough electrical inspection required?"
		}
	},
	{
		"model": "website.AnswerChoice",
		"pk":47,
		"fields":{
            "answer_choice_group": "26",
			"label": "Inspection is required.",
			"value": "Inspection is required.",
            "display_order": "1"
		}
    },  
	{
		"model": "website.AnswerChoice",
		"pk":48,
		"fields":{
            "answer_choice_group": "26",
			"label": "Inspection is not required.",
			"value": "Inspection is not required.",
            "display_order": "2"
		}
    },         
	{
		"model": "website.AnswerChoiceGroup",
		"pk":27,
		"fields":{
			"name": "Dropdown: What % modules ok to attach prior to rough inspection?",
			"description": "Dropdown: What % modules ok to attach prior to rough inspection?"
		}
	},
	{
		"model": "website.AnswerChoice",
		"pk":49,
		"fields":{
            "answer_choice_group": "27",
			"label": "No modules should be attached.",
			"value": "No modules should be attached.",
            "display_order": "1"
		}
    },     
	{
		"model": "website.AnswerChoiceGroup",
		"pk":28,
		"fields":{
			"name": "Dropdown: Access to roof required for inspections?",
			"description": "Dropdown: Access to roof required for inspections?"
		}
	},
	{
		"model": "website.AnswerChoice",
		"pk":50,
		"fields":{
            "answer_choice_group": "28",
			"label": "Access to the roof for inspection must be granted.",
			"value": "Access to the roof for inspection must be granted.",
            "display_order": "1"
		}
    },  
	{
		"model": "website.AnswerChoice",
		"pk":51,
		"fields":{
            "answer_choice_group": "28",
			"label": "Access to the roof for inspection is not required.",
			"value": "Access to the roof for inspection is not required.",
            "display_order": "2"
		}
    },     
	{
		"model": "website.AnswerChoiceGroup",
		"pk":29,
		"fields":{
			"name": "Dropdown: Access to attic required for inspections?",
			"description": "Dropdown: Access to attic required for inspections?"
		}
	}, 
	{
		"model": "website.AnswerChoice",
		"pk":52,
		"fields":{
            "answer_choice_group": "29",
			"label": "Access to the attic is required.",
			"value": "Access to the attic is required.",
            "display_order": "1"
		}
    },  
	{
		"model": "website.AnswerChoice",
		"pk":53,
		"fields":{
            "answer_choice_group": "29",
			"label": "Access to the attic is not required.",
			"value": "Access to the attic is not required.",
            "display_order": "2"
		}
    },      
	{
		"model": "website.AnswerChoiceGroup",
		"pk":30,
		"fields":{
			"name": "Dropdown: Do property boundaries for tilt mounted systems need to be shown on plans?",
			"description": "Dropdown: Do property boundaries for tilt mounted systems need to be shown on plans?"
		}
	}, 
	{
		"model": "website.AnswerChoice",
		"pk":54,
		"fields":{
            "answer_choice_group": "30",
			"label": "Yes, this is a requirement.",
			"value": "Yes, this is a requirement.",
            "display_order": "1"
		}
    },  
	{
		"model": "website.AnswerChoice",
		"pk":55,
		"fields":{
            "answer_choice_group": "30",
			"label": "No, this is not a requirement.",
			"value": "No, this is not a requirement.",
            "display_order": "2"
		}
    },                                            
	{
		"model": "website.AnswerChoiceGroup",
		"pk":31,
		"fields":{
			"name": "Dropdown: Do property setbacks need to be shown on all drawings?",
			"description": "Dropdown: Do property setbacks need to be shown on all drawings?"
		}
	},  
	{
		"model": "website.AnswerChoice",
		"pk":56,
		"fields":{
            "answer_choice_group": "31",
			"label": "Yes, they do.",
			"value": "Yes, they do.",
            "display_order": "1"
		}
    },  
	{
		"model": "website.AnswerChoice",
		"pk":57,
		"fields":{
            "answer_choice_group": "31",
			"label": "No, they do not.",
			"value": "No, they do not.",
            "display_order": "2"
		}
    },                                                                                                                                                                                                                                     
	{
		"model": "website.QuestionCategory",
		"pk":1,
		"fields":{
			"name": "General",
			"description": "General"
		}
	},
	{
		"model": "website.QuestionCategory",
		"pk":2,
		"fields":{
			"name": "Callouts",
			"description": "Callouts"
		}
	},
	{
		"model": "website.QuestionCategory",
		"pk":3,
		"fields":{
			"name": "Building",
			"description": "Building"
		}
	},
	{
		"model": "website.QuestionCategory",
		"pk":4,
		"fields":{
			"name": "Clerical",
			"description": "Clerical"
		}
	},    
	{
		"model": "website.QuestionCategory",
		"pk":5,
		"fields":{
			"name": "Electrical",
			"description": "Electrical"
		}
	},
	{
		"model": "website.QuestionCategory",
		"pk":6,
		"fields":{
			"name": "Fire",
			"description": "Fire"
		}
	},   
	{
		"model": "website.QuestionCategory",
		"pk":7,
		"fields":{
			"name": "Inspections",
			"description": "Inspections"
		}
	},     
	{
		"model": "website.QuestionCategory",
		"pk":8,
		"fields":{
			"name": "Utility",
			"description": "Utility"
		}
	},    
	{
		"model": "website.QuestionCategory",
		"pk":9,
		"fields":{
			"name": "Zoning",
			"description": "Zoning"
		}
	}, 
	{
		"model": "website.QuestionCategory",
		"pk":10,
		"fields":{
			"name": "Other",
			"description": "Other"
		}
	},     
	{
		"model": "website.Question",
		"pk":1,
		"fields":{
			"form_type": "T",
			"display_order": "6",
			"default_value": "",
			"category": "1",
			"question": "Primary Phone",
			"label": "Office phone number"                                                              
		}
	},
	{
		"model": "website.Question",
		"pk":2,
		"fields":{
			"form_type": "TA",
			"display_order": "11",
			"default_value": "",
			"category": "1",
			"question": "Website",
			"label": "Website"                                                              
		}
	},
	{
		"model": "website.Question",
		"pk":3,
		"fields":{
			"form_type": "TA",
			"display_order": "1",
			"default_value": "",
			"category": "1",
			"question": "Address",
			"label": "Address"                                                              
		}
	},           
	{
		"model": "website.Question",
		"pk":4,
		"fields":{
			"form_type": "T",
			"display_order": "7",
			"default_value": "",
			"category": "1",
			"question": "Primary Contact"                                                            
		}
	},           
	{
		"model": "website.Question",
		"pk":5,
		"fields":{
			"form_type": "T",
			"display_order": "3",
			"default_value": "",
			"category": "1",
			"question": "Department Hours",
			"label": "Hours"                                                              
		}
	},        
	{
		"model": "website.Question",
		"pk":6,
		"fields":{
			"form_type": "T",
			"display_order": "9",
			"default_value": "",
			"category": "1",
			"question": "How long does it take this jurisdiction to do \"turn around\" on a ground mounted pv system?",
			"label": "Average ground-mounted permit turnaround time"                                                                          
		}
	}, 
	{
		"model": "website.Question",
		"pk":7,
		"fields":{
			"form_type": "T",
			"display_order": "5",
			"default_value": "",
			"category": "1",
			"question": "Inspection Hotline"                                                            
		}
	},   
	{
		"model": "website.Question",
		"pk":8,
		"fields":{
			"form_type": "R",
            "answer_choice_group": "1",
			"display_order": 10,
			"default_value": "Yes",
			"category": "3",
			"question": "Is a PE stamped structural letter required?"                                                            
		}
	},      
	{
		"model": "website.Question",
		"pk":9,
		"fields":{
			"form_type": "T",
			"display_order": 17,
			"default_value": "",
			"category": "3",
			"question": "What wind speed does this jurisdiction require for structural calculations (in miles per hour)?"                                                            
		}
	}, 
	{
		"model": "website.Question",
		"pk":10,
		"fields":{
			"form_type": "T",
			"display_order": 14,
			"default_value": "",
			"category": "3",
			"question": "What snow load does this jurisdiction require for structural calculations (in pounds per square foot)?"                                                            
		}
	},   
	{
		"model": "website.Question",
		"pk":11,
		"fields":{
			"form_type": "R",
            "answer_choice_group": "3",            
			"display_order": 1,
			"default_value": "",
			"category": "3",
			"question": "PV array dimensions required?"                                                            
		}
	},  
	{
		"model": "website.Question",
		"pk":12,
		"fields":{
			"form_type": "DD",
            "answer_choice_group": "4",            
			"display_order": 12,
			"default_value": "",
			"category": "3",
			"question": "Is a roof surface description required?"                                                            
		}
	}, 
	{
		"model": "website.Question",
		"pk":13,
		"fields":{
			"form_type": "DD",
            "answer_choice_group": "5",             
			"display_order": 13,
			"default_value": "",
			"category": "3",
			"question": "If roof surface description is required, must layers of singles be noted?"                                                            
		}
	},  
	{
		"model": "website.Question",
		"pk":14,
		"fields":{
			"form_type": "R",
            "answer_choice_group": "6",             
			"display_order": 11,
			"default_value": "",
			"category": "3",
			"question": "Roof rafter size/spacing required?"                                                            
		}
	},  
	{
		"model": "website.Question",
		"pk":15,
		"fields":{
			"form_type": "R",
            "answer_choice_group": "7",            
			"display_order": 6,
			"default_value": "",
			"category": "3",
			"question": "Load calculations are required?"                                                            
		}
	},                   
	{
		"model": "website.Question",
		"pk":16,
		"fields":{
			"form_type": "R",
            "answer_choice_group": "8",            
			"display_order": 3,
			"default_value": "",
			"category": "3",
			"question": "Attachment location with array layout required?"                                                            
		}
	},   
	{
		"model": "website.Question",
		"pk":17,
		"fields":{
			"form_type": "R",
            "answer_choice_group": "9",            
			"display_order": 2,
			"default_value": "",
			"category": "3",
			"question": "Attachment detail required on plan set?"                                                            
		}
	},  
	{
		"model": "website.Question",
		"pk":18,
		"fields":{
			"form_type": "R",
            "answer_choice_group": "10",            
			"display_order": 4,
			"default_value": "",
			"category": "3",
			"question": "Can attic vents be covered by array?"                                                            
		}
	},   
	{
		"model": "website.Question",
		"pk":19,
		"fields":{
			"form_type": "T",       
			"display_order": 5,
			"default_value": "",
			"category": "3",
			"question": "If attic vents can be covered by the array, what is the minimum distance between vents and modules?"                                                            
		}
	}, 
	{
		"model": "website.Question",
		"pk":20,
		"fields":{
			"form_type": "R",
            "answer_choice_group": "12",            
			"display_order": 15,
			"default_value": "",
			"category": "3",
			"question": "Can studer vents be used to remove existing plumbing vents from roof?"                                                            
		}
	},  
	{
		"model": "website.Question",
		"pk":21,
		"fields":{
			"form_type": "R",
            "answer_choice_group": "1",            
			"display_order": "11",
			"default_value": "",
			"category": "4",
			"question": "Are permit applications accepted online?"                                                            
		}
	},  
	{
		"model": "website.Question",
		"pk":22,
		"fields":{
			"form_type": "R",
            "answer_choice_group": "1",            
			"display_order": "19",
			"default_value": "",
			"category": "4",
			"question": "Has this jurisdiction adopted the Solar ABCs expidited permit process?"                                                            
		}
	},   
	{
		"model": "website.Question",
		"pk":23,
		"fields":{
			"form_type": "T",
			"display_order": "6",
			"default_value": "There are no fees for installing solar in this jurisdiction.",
			"category": "4",
			"question": "What are the fees for pulling a solar permit in this jurisdiction?"                                                            
		}
	},     
	{
		"model": "website.Question",
		"pk":24,
		"fields":{
			"form_type": "DD",
            "answer_choice_group": "13",            
			"display_order": "12",
			"default_value": "",
			"category": "4",
			"question": "What are the page size requirements for submittals in this jurisdiction?"                                                            
		}
	},        
	{
		"model": "website.Question",
		"pk":25,
		"fields":{
			"form_type": "DD",
            "answer_choice_group": "14",            
			"display_order": "17",
			"default_value": "",
			"category": "4",
			"question": "What drawing scales are acceptable in this jurisdiction?"                                                            
		}
	},       
	{
		"model": "website.Question",
		"pk":26,
		"fields":{
			"form_type": "R",
            "answer_choice_group": "15",            
			"display_order": "1",
			"default_value": "",
			"category": "4",
			"question": "Are architectural dimensions required?"                                                            
		}
	},   
	{
		"model": "website.Question",
		"pk":27,
		"fields":{
			"form_type": "DD",
            "answer_choice_group": "16",            
			"display_order": "3",
			"default_value": "",
			"category": "4",
			"question": "If a PE stamped structural letter is not required, are dead load calculations required?"                                                            
		}
	},       
	{
		"model": "website.Question",
		"pk":28,
		"fields":{
			"form_type": "DD",
            "answer_choice_group": "17",            
			"display_order": "16",
			"default_value": "",
			"category": "5",
			"question": "Which version of the NEC Code is used by this jurisdiction for solar permitting?"                                                           
		}
	}, 
	{
		"model": "website.Question",
		"pk":29,
		"fields":{
			"form_type": "DD",
            "answer_choice_group": "18",            
			"display_order": "11",
			"default_value": "",
			"category": "5",
			"question": "Every module needs to be drawn or \"10 modules in series\" in rectangle ok?"                                                           
		}
	},     
	{
		"model": "website.Question",
		"pk":30,
		"fields":{
			"form_type": "DD",
            "answer_choice_group": "19",            
			"display_order": "10",
			"default_value": "",
			"category": "5",
			"question": "Equipment specs shown w/ equipment required?"                                                           
		}
	},  
	{
		"model": "website.Question",
		"pk":31,
		"fields":{
			"form_type": "R",
            "answer_choice_group": "1",            
			"display_order": "1",
			"default_value": "",
			"category": "5",
			"question": "DC/AC placard specs required on page?"                                                           
		}
	},      
	{
		"model": "website.Question",
		"pk":32,
		"fields":{
			"form_type": "R",
            "answer_choice_group": "20",            
			"display_order": "19",
			"default_value": "",
			"category": "5",
			"question": "Actual placard scale drawings need to be included?"                                                           
		}
	}, 
	{
		"model": "website.Question",
		"pk":33,
		"fields":{
			"form_type": "DD",
            "answer_choice_group": "21",            
			"display_order": "14",
			"default_value": "",
			"category": "5",
			"question": "Are line side taps permitted? Can this be done inside main panel or do we need a separate j-box?"                                                           
		}
	},  
	{
		"model": "website.Question",
		"pk":34,
		"fields":{
			"form_type": "R",
            "answer_choice_group": "1",            
			"display_order": "13",
			"default_value": "",
			"category": "5",
			"question": "Additional ground electrode at fused AC disconnect on line side taps required?"                                                           
		}
	},    
	{
		"model": "website.Question",
		"pk":35,
		"fields":{
			"form_type": "R",
            "answer_choice_group": "1",            
			"display_order": "3",
			"default_value": "",
			"category": "5",
			"question": "Additional array grounding electrode required?"                                                           
		}
	}, 
	{
		"model": "website.Question",
		"pk":36,
		"fields":{
			"form_type": "R",
            "answer_choice_group": "1",            
			"display_order": "22",
			"default_value": "",
			"category": "5",
			"question": "Are WEEBs acceptable for module grounding?"                                                           
		}
	},
	{
		"model": "website.Question",
		"pk":37,
		"fields":{
			"form_type": "R",
            "answer_choice_group": "1",            
			"display_order": "15",
			"default_value": "",
			"category": "5",
			"question": "Main breaker reductions acceptable/residential load calc required?"                                                           
		}
	},    
	{
		"model": "website.Question",
		"pk":38,
		"fields":{
			"form_type": "R",
            "answer_choice_group": "23",            
			"display_order": "6",
			"default_value": "",
			"category": "5",
			"question": "Electrical Conduit Run shown on site plan?"                                                           
		}
	}, 
	{
		"model": "website.Question",
		"pk":39,
		"fields":{
			"form_type": "R",
            "answer_choice_group": "1",            
			"display_order": "5",
			"default_value": "",
			"category": "5",
			"question": "Are conductor size calcs required?"                                                           
		}
	}, 
	{
		"model": "website.Question",
		"pk":40,
		"fields":{
			"form_type": "DD",
            "answer_choice_group": "24",            
			"display_order": "21",
			"default_value": "",
			"category": "5",
			"question": "Voltage drop calcs required?"                                                           
		}
	}, 
	{
		"model": "website.Question",
		"pk":41,
		"fields":{
			"form_type": "R",
            "answer_choice_group": "1",            
			"display_order": "4",
			"default_value": "",
			"category": "5",
			"question": "ASHRAE min/max design temps acceptable?"                                                           
		}
	},     
	{
		"model": "website.Question",
		"pk":42,
		"fields":{
			"form_type": "R",
            "answer_choice_group": "1",            
			"display_order": "19",
			"default_value": "",
			"category": "5",
			"question": "DC/AC placard specs required on page?"                                                           
		}
	},                                                                                  
	{
		"model": "website.Question",
		"pk":43,
		"fields":{
			"form_type": "TA",
			"display_order": "6",
			"default_value": "",
			"category": "7",
			"question": "Inspection Scheduling Info"                                                          
		}
	},        
	{
		"model": "website.Question",
		"pk":44,
		"fields":{
			"form_type": "R",
            "answer_choice_group": "25",            
			"display_order": "7",
			"default_value": "",
			"category": "7",
			"question": "Rough structural inspection required?"                                                          
		}
	},   
	{
		"model": "website.Question",
		"pk":45,
		"fields":{
			"form_type": "R",
            "answer_choice_group": "26",            
			"display_order": "5",
			"default_value": "",
			"category": "7",
			"question": "Rough electrical inspection required?"                                                       
		}
	},              
	{
		"model": "website.Question",
		"pk":46,
		"fields":{
			"form_type": "DD",
            "answer_choice_group": "27",            
			"display_order": "9",
			"default_value": "",
			"category": "7",
			"question": "What % modules ok to attach prior to rough inspection?"                                                          
		}
	},   
	{
		"model": "website.Question",
		"pk":47,
		"fields":{
			"form_type": "R",
            "answer_choice_group": "28",            
			"display_order": "10",
			"default_value": "",
			"category": "7",
			"question": "Access to roof required for inspections?"                                                          
		}
	},  
	{
		"model": "website.Question",
		"pk":48,
		"fields":{
			"form_type": "R",
            "answer_choice_group": "29",            
			"display_order": "2",
			"default_value": "",
			"category": "7",
			"question": "Access to attic required for inspections?"                                                          
		}
	},                                                                                                                                                       
	{
		"model": "website.Question",
		"pk":49,
		"fields":{
			"form_type": "T",
			"display_order": "3",
			"default_value": "",
			"category": "8",
			"question": "What is the most likely utility company for this jurisdiction?"                                                          
		}
	},                                                                                                                                                                                                                                                                              
	{
		"model": "website.Question",
		"pk":50,
		"fields":{
			"form_type": "R",
            "answer_choice_group": "1",            
			"display_order": "3",
			"default_value": "",
			"category": "9",
			"question": "Do property boundaries for flush mounted systems need to be shown on plans?"                                                          
		}
	},     
	{
		"model": "website.Question",
		"pk":51,
		"fields":{
			"form_type": "R",
            "answer_choice_group": "30",            
			"display_order": "4",
			"default_value": "",
			"category": "9",
			"question": "Do property boundaries for tilt mounted systems need to be shown on plans?"                                                       
		}
	},     
	{
		"model": "website.Question",
		"pk":52,
		"fields":{
			"form_type": "R",
            "answer_choice_group": "31",            
			"display_order": "5",
			"default_value": "",
			"category": "9",
			"question": "Do property setbacks need to be shown on all drawings?"                                                          
		}
	},             
	{
		"model": "website.Question",
		"pk":53,
		"fields":{
			"form_type": "R",
            "answer_choice_group": "1",            
			"display_order": 7,
			"default_value": "",
			"category": "3",
			"question": "Max attachment spacing called out?"                                                          
		}
	}, 
	{
		"model": "website.Question",
		"pk":54,
		"fields":{
			"form_type": "R",
            "answer_choice_group": "1",            
			"display_order": 8,
			"default_value": "",
			"category": "3",
			"question": "Max rail overhang called out?"                                                          
		}
	},
	{
		"model": "website.Question",
		"pk":55,
		"fields":{
			"form_type": "R",
            "answer_choice_group": "1",            
			"display_order": "11",
			"default_value": "",
			"category": "5",
			"question": "Individual distances between electrical equipment called out?"                                                          
		}
	},
	{
		"model": "website.Question",
		"pk":56,
		"fields":{
			"form_type": "T",
			"display_order": "10",
			"default_value": "",
			"category": "1",
			"question": "How long does it take this jurisdiction to do \"turn around\" on a roof mounted pv system?",
			"label": "Average roof-mounted permit turnaround time"                                                      
		}
	},         
	{
		"model": "website.Template",
		"pk":1,
		"fields":{
			"name": "Standard Callouts Template",
			"description": "Standard Callouts Template",
			"template_type": "CT"
		}
	},    
	{
		"model": "website.Template",
		"pk":2,
		"fields":{
			"name": "Standard Requirements Template",
			"description": "Standard Requirements Template",
			"template_type": "RT"
		}
	},
	{
		"model": "website.Template",
		"pk":3,
		"fields":{
			"name": "Standard Information Template",
			"description": "Standard Information Template",
			"template_type": "IT"
		}
	}, 
	{
		"model": "website.TemplateQuestion",
		"pk":1,
		"fields":{
			"template": 2,
			"question": 1
		}
	},  
 	{
		"model": "website.TemplateQuestion",
		"pk":2,
		"fields":{
			"template": 2,
			"question": 2
		}
	},   
	{
		"model": "website.TemplateQuestion",
		"pk":3,
		"fields":{
			"template": 2,
			"question": 3
		}
	},   
	{
		"model": "website.TemplateQuestion",
		"pk":4,
		"fields":{
			"template": 2,
			"question": 4
		}
	},   
	{
		"model": "website.TemplateQuestion",
		"pk":5,
		"fields":{
			"template": 2,
			"question": 5
		}
	},   
	{
		"model": "website.TemplateQuestion",
		"pk":6,
		"fields":{
			"template": 2,
			"question": 6
		}
	},   
	{
		"model": "website.TemplateQuestion",
		"pk":7,
		"fields":{
			"template": 2,
			"question": 7
		}
	},   
	{
		"model": "website.TemplateQuestion",
		"pk":9,
		"fields":{
			"template": 2,
			"question": 8
		}
	},  
 	{
		"model": "website.TemplateQuestion",
		"pk":10,
		"fields":{
			"template": 2,
			"question": 9
		}
	},   
	{
		"model": "website.TemplateQuestion",
		"pk":11,
		"fields":{
			"template": 2,
			"question": 10
		}
	},   
	{
		"model": "website.TemplateQuestion",
		"pk":12,
		"fields":{
			"template": 2,
			"question": 11
		}
	},   
	{
		"model": "website.TemplateQuestion",
		"pk":13,
		"fields":{
			"template": 2,
			"question": 12
		}
	},   
	{
		"model": "website.TemplateQuestion",
		"pk":14,
		"fields":{
			"template": 2,
			"question": 13
		}
	},   
	{
		"model": "website.TemplateQuestion",
		"pk":15,
		"fields":{
			"template": 2,
			"question": 14
		}
	},   
	{
		"model": "website.TemplateQuestion",
		"pk":16,
		"fields":{
			"template": 2,
			"question": 15
		}
	},
	{
		"model": "website.TemplateQuestion",
		"pk":17,
		"fields":{
			"template": 2,
			"question": 16
		}
	},  
 	{
		"model": "website.TemplateQuestion",
		"pk":18,
		"fields":{
			"template": 2,
			"question": 17
		}
	},   
	{
		"model": "website.TemplateQuestion",
		"pk":19,
		"fields":{
			"template": 2,
			"question": 18
		}
	},   
	{
		"model": "website.TemplateQuestion",
		"pk":20,
		"fields":{
			"template": 2,
			"question": 19
		}
	},   
	{
		"model": "website.TemplateQuestion",
		"pk":21,
		"fields":{
			"template": 2,
			"question": 20
		}
	},   
	{
		"model": "website.TemplateQuestion",
		"pk":22,
		"fields":{
			"template": 2,
			"question": 21
		}
	},   
	{
		"model": "website.TemplateQuestion",
		"pk":23,
		"fields":{
			"template": 2,
			"question": 22
		}
	},   
	{
		"model": "website.TemplateQuestion",
		"pk":24,
		"fields":{
			"template": 2,
			"question": 23
		}
	},
	{
		"model": "website.TemplateQuestion",
		"pk":25,
		"fields":{
			"template": 2,
			"question": 24
		}
	},  
 	{
		"model": "website.TemplateQuestion",
		"pk":26,
		"fields":{
			"template": 2,
			"question": 25
		}
	},   
	{
		"model": "website.TemplateQuestion",
		"pk":27,
		"fields":{
			"template": 2,
			"question": 26
		}
	},   
	{
		"model": "website.TemplateQuestion",
		"pk":28,
		"fields":{
			"template": 2,
			"question": 27
		}
	},   
	{
		"model": "website.TemplateQuestion",
		"pk":29,
		"fields":{
			"template": 2,
			"question": 29
		}
	},   
	{
		"model": "website.TemplateQuestion",
		"pk":30,
		"fields":{
			"template": 2,
			"question": 29
		}
	},   
	{
		"model": "website.TemplateQuestion",
		"pk":31,
		"fields":{
			"template": 2,
			"question": 30
		}
	},   
	{
		"model": "website.TemplateQuestion",
		"pk":32,
		"fields":{
			"template": 2,
			"question": 31
		}
	},
	{
		"model": "website.TemplateQuestion",
		"pk":33,
		"fields":{
			"template": 2,
			"question": 32
		}
	},  
 	{
		"model": "website.TemplateQuestion",
		"pk":34,
		"fields":{
			"template": 2,
			"question": 33
		}
	},   
	{
		"model": "website.TemplateQuestion",
		"pk":35,
		"fields":{
			"template": 2,
			"question": 34
		}
	},   
	{
		"model": "website.TemplateQuestion",
		"pk":36,
		"fields":{
			"template": 2,
			"question": 35
		}
	},   
	{
		"model": "website.TemplateQuestion",
		"pk":37,
		"fields":{
			"template": 2,
			"question": 36
		}
	},   
	{
		"model": "website.TemplateQuestion",
		"pk":38,
		"fields":{
			"template": 2,
			"question": 37
		}
	},   
	{
		"model": "website.TemplateQuestion",
		"pk":39,
		"fields":{
			"template": 2,
			"question": 38
		}
	},   
	{
		"model": "website.TemplateQuestion",
		"pk":40,
		"fields":{
			"template": 2,
			"question": 39
		}
	}, 
	{
		"model": "website.TemplateQuestion",
		"pk":41,
		"fields":{
			"template": 2,
			"question": 40
		}
	},  
 	{
		"model": "website.TemplateQuestion",
		"pk":42,
		"fields":{
			"template": 2,
			"question": 41
		}
	},   
	{
		"model": "website.TemplateQuestion",
		"pk":43,
		"fields":{
			"template": 2,
			"question": 42
		}
	},   
	{
		"model": "website.TemplateQuestion",
		"pk":44,
		"fields":{
			"template": 2,
			"question": 43
		}
	},   
	{
		"model": "website.TemplateQuestion",
		"pk":45,
		"fields":{
			"template": 2,
			"question": 44
		}
	},   
	{
		"model": "website.TemplateQuestion",
		"pk":46,
		"fields":{
			"template": 2,
			"question": 45
		}
	},   
	{
		"model": "website.TemplateQuestion",
		"pk":47,
		"fields":{
			"template": 2,
			"question": 46
		}
	},   
	{
		"model": "website.TemplateQuestion",
		"pk":48,
		"fields":{
			"template": 2,
			"question": 47
		}
	},
	{
		"model": "website.TemplateQuestion",
		"pk":49,
		"fields":{
			"template": 2,
			"question": 48
		}
	},  
 	{
		"model": "website.TemplateQuestion",
		"pk":50,
		"fields":{
			"template": 2,
			"question": 49
		}
	},   
	{
		"model": "website.TemplateQuestion",
		"pk":51,
		"fields":{
			"template": 2,
			"question": 50
		}
	},   
	{
		"model": "website.TemplateQuestion",
		"pk":52,
		"fields":{
			"template": 2,
			"question": 51
		}
	},   
	{
		"model": "website.TemplateQuestion",
		"pk":53,
		"fields":{
			"template": 2,
			"question": 52
		}
	},   
	{
		"model": "website.TemplateQuestion",
		"pk":54,
		"fields":{
			"template": 2,
			"question": 53
		}
	},   
	{
		"model": "website.TemplateQuestion",
		"pk":55,
		"fields":{
			"template": 2,
			"question": 54
		}
	},   
	{
		"model": "website.TemplateQuestion",
		"pk":56,
		"fields":{
			"template": 2,
			"question": 55
		}
	},    
	{
		"model": "website.TemplateQuestion",
		"pk":57,
		"fields":{
			"template": 2,
			"question": 56
		}
	},
	{
		"model": "website.Question",
		"pk":57,
		"fields":{
			"form_type": "T",
			"display_order": "2",
			"default_value": "",
			"category": "1",
			"question": "Current version building code being enforced"                                                            
		}
	},  
	{
		"model": "website.Question",
		"pk":58,
		"fields":{
			"form_type": "TA",
			"display_order": "4",
			"default_value": "",
			"category": "1",
			"question": "Furlough Days"                                                            
		}
	},   
	{
		"model": "website.Question",
		"pk":59,
		"fields":{
			"form_type": "T",
			"display_order": "8",
			"default_value": "",
			"category": "1",
			"question": "Time to Permit Insurance"                                                            
		}
	},   
	{
		"model": "website.Question",
		"pk":61,
		"fields":{
			"form_type": "R",
            "answer_choice_group": "1",            
			"display_order": "2",
			"default_value": "",
			"category": "4",
			"question": "Building elevation required"                                                            
		}
	},  
	{
		"model": "website.Question",
		"pk":62,
		"fields":{
			"form_type": "R",
            "answer_choice_group": "1",            
			"display_order": "4",
			"default_value": "",
			"category": "4",
			"question": "Does PNM interconnect need to be signed by homeowner"                                                            
		}
	},  
	{
		"model": "website.Question",
		"pk":63,
		"fields":{
			"form_type": "R",
            "answer_choice_group": "1",            
			"display_order": "5",
			"default_value": "",
			"category": "4",
			"question": "Engineering letters must have a fastening schedule which correlates to the rafter spacing?"                                                            
		}
	},  
	{
		"model": "website.Question",
		"pk":64,
		"fields":{
			"form_type": "T",            
			"display_order": "7",
			"default_value": "",
			"category": "4",
			"question": "How many sets of signed and sealed drawings be submitted with construction permitting paperwork?"                                                            
		}
	},  
	{
		"model": "website.Question",
		"pk":65,
		"fields":{
			"form_type": "R",
            "answer_choice_group": "1",            
			"display_order": "8",
			"default_value": "",
			"category": "4",
			"question": "Is 3-wire needed for large system program"                                                            
		}
	},  
	{
		"model": "website.Question",
		"pk":66,
		"fields":{
			"form_type": "R",
            "answer_choice_group": "1",            
			"display_order": "9",
			"default_value": "",
			"category": "4",
			"question": "License holder signature"                                                            
		}
	},  
	{
		"model": "website.Question",
		"pk":67,
		"fields":{
			"form_type": "R",
            "answer_choice_group": "1",            
			"display_order": "10",
			"default_value": "",
			"category": "4",
			"question": "Need to show the number of PV panels proposed"                                                            
		}
	},  
	{
		"model": "website.Question",
		"pk":68,
		"fields":{
			"form_type": "R",
            "answer_choice_group": "1",            
			"display_order": "13",
			"default_value": "",
			"category": "4",
			"question": "PDF of PV permit requirements"                                                            
		}
	},  
	{
		"model": "website.Question",
		"pk":69,
		"fields":{
			"form_type": "R",
            "answer_choice_group": "1",            
			"display_order": "14",
			"default_value": "",
			"category": "4",
			"question": "PDF of PV submital requirements"                                                            
		}
	},  
	{
		"model": "website.Question",
		"pk":70,
		"fields":{
			"form_type": "TA",           
			"display_order": "15",
			"default_value": "",
			"category": "4",
			"question": "Plant location map"                                                            
		}
	},  
	{
		"model": "website.Question",
		"pk":71,
		"fields":{
			"form_type": "TA",           
			"display_order": "16",
			"default_value": "",
			"category": "4",
			"question": "Property plan"                                                            
		}
	},  
	{
		"model": "website.Question",
		"pk":72,
		"fields":{
			"form_type": "TA",           
			"display_order": "18",
			"default_value": "",
			"category": "4",
			"question": "Site plan or Roof plan requirements and related items"                                                            
		}
	},  
	{
		"model": "website.Question",
		"pk":73,
		"fields":{
			"form_type": "TA",      
			"display_order": "20",
			"default_value": "",
			"category": "4",
			"question": "What spec sheets are required"                                                            
		}
	},  	
	{
		"model": "website.Question",
		"pk":74,
		"fields":{
			"form_type": "R",
            "answer_choice_group": "1",            
			"display_order": "2",
			"default_value": "",
			"category": "5",
			"question": "AC Disconnect required"                                                           
		}
	},      
	{
		"model": "website.Question",
		"pk":75,
		"fields":{
			"form_type": "R",
            "answer_choice_group": "1",            
			"display_order": "7",
			"default_value": "",
			"category": "5",
			"question": "DC Disconnect Required"                                                           
		}
	},      
	{
		"model": "website.Question",
		"pk":76,
		"fields":{
			"form_type": "R",
            "answer_choice_group": "1",            
			"display_order": "8",
			"default_value": "",
			"category": "5",
			"question": "Dedicated PV meter required"                                                           
		}
	},      
	{
		"model": "website.Question",
		"pk":77,
		"fields":{
			"form_type": "R",
            "answer_choice_group": "1",            
			"display_order": "9",
			"default_value": "",
			"category": "5",
			"question": "Electrical Stamp Required"                                                           
		}
	},          
	{
		"model": "website.Question",
		"pk":79,
		"fields":{
			"form_type": "R",
            "answer_choice_group": "1",            
			"display_order": "17",
			"default_value": "",
			"category": "5",
			"question": "Need ampacit of any discounts?"                                                           
		}
	},      
	{
		"model": "website.Question",
		"pk":80,
		"fields":{
			"form_type": "R",
            "answer_choice_group": "1",            
			"display_order": "18",
			"default_value": "",
			"category": "5",
			"question": "Need ampacity of all overcurrent devices?"                                                           
		}
	},      
	{
		"model": "website.Question",
		"pk":82,
		"fields":{
			"form_type": "R",
            "answer_choice_group": "1",            
			"display_order": "1",
			"default_value": "",
			"category": "6",
			"question": "Fire setbacks enforced"                                                          
		}
	},   		
	{
		"model": "website.Question",
		"pk":83,
		"fields":{
			"form_type": "R",
            "answer_choice_group": "1",            
			"display_order": "1",
			"default_value": "",
			"category": "7",
			"question": "Are signed inspection approval certificates sent to installers online?"                                                           
		}
	},      
	{
		"model": "website.Question",
		"pk":84,
		"fields":{
			"form_type": "R",
            "answer_choice_group": "1",            
			"display_order": "3",
			"default_value": "",
			"category": "7",
			"question": "Can inspections be requested online?"                                                           
		}
	},      
	{
		"model": "website.Question",
		"pk":85,
		"fields":{
			"form_type": "R",
            "answer_choice_group": "1",            
			"display_order": "4",
			"default_value": "",
			"category": "7",
			"question": "Can installers call and request inspection approval certificates via fax, verbally?"                                                           
		}
	},      
	{
		"model": "website.Question",
		"pk":86,
		"fields":{
			"form_type": "R",
            "answer_choice_group": "1",            
			"display_order": "8",
			"default_value": "",
			"category": "7",
			"question": "Inspector POC?"                                                           
		}
	},
	{
		"model": "website.Question",
		"pk":87,
		"fields":{
			"form_type": "R",
            "answer_choice_group": "1",            
			"display_order": "11",
			"default_value": "",
			"category": "7",
			"question": "Rough grounding inspection required?"                                                          
		}
	},   				
	{
		"model": "website.Question",
		"pk":88,
		"fields":{
			"form_type": "R",
            "answer_choice_group": "1",   			
			"display_order": "1",
			"default_value": "",
			"category": "8",
			"question": "Meter access required"                                                          
		}
	},
	{
		"model": "website.Question",
		"pk":89,
		"fields":{
			"form_type": "R",
            "answer_choice_group": "1",   			
			"display_order": "2",
			"default_value": "",
			"category": "8",
			"question": "Meter socket required"                                                          
		}
	},			
	{
		"model": "website.Question",
		"pk":90,
		"fields":{
			"form_type": "R",
            "answer_choice_group": "1",            
			"display_order": "1",
			"default_value": "",
			"category": "9",
			"question": "Construction permitting paperwork be submitted before zoning approval?"                                                       
		}
	},     
	{
		"model": "website.Question",
		"pk":91,
		"fields":{
			"form_type": "R",
            "answer_choice_group": "1",            
			"display_order": "2",
			"default_value": "",
			"category": "9",
			"question": "Is Zoning required?"                                                          
		}
	}, 		
	{
		"model": "website.Question",
		"pk":92,
		"fields":{
			"form_type": "R",
            "answer_choice_group": "1",            
			"display_order": "1",
			"default_value": "",
			"category": "10",
			"question": "Does the homeowner needs to disclose any previous dealings with the historic board?"                                                          
		}
	}, 	
	{
		"model": "website.Question",
		"pk":93,
		"fields":{
			"form_type": "T",            
			"display_order": "2",
			"default_value": "",
			"category": "10",
			"question": "System size cap"                                                          
		}
	}, 
	{
		"model": "website.Question",
		"pk":94,
		"fields":{
			"form_type": "R",
            "answer_choice_group": "1",   			
			"display_order": "9",
			"default_value": "",
			"category": "3",
			"question": "Panel mount requirements?"                                                            
		}
	}, 
	{
		"model": "website.Question",
		"pk":95,
		"fields":{
			"form_type": "R",
            "answer_choice_group": "1",   			
			"display_order": "16",
			"default_value": "",
			"category": "3",
			"question": "Vent spanning prohibited"                                                            
		}
	}, 																			 				 	
	{
		"model": "website.TemplateQuestion",
		"pk":58,
		"fields":{
			"template": 2,
			"question": 57
		}
	},   		 
	{
		"model": "website.TemplateQuestion",
		"pk":59,
		"fields":{
			"template": 2,
			"question": 58
		}
	},  
	{
		"model": "website.TemplateQuestion",
		"pk":60,
		"fields":{
			"template": 2,
			"question": 59
		}
	},  	
	{
		"model": "website.TemplateQuestion",
		"pk":62,
		"fields":{
			"template": 2,
			"question": 61
		}
	},   		 
	{
		"model": "website.TemplateQuestion",
		"pk":63,
		"fields":{
			"template": 2,
			"question": 62
		}
	},  
	{
		"model": "website.TemplateQuestion",
		"pk":64,
		"fields":{
			"template": 2,
			"question": 63
		}
	},  	
	{
		"model": "website.TemplateQuestion",
		"pk":65,
		"fields":{
			"template": 2,
			"question": 64
		}
	},
	{
		"model": "website.TemplateQuestion",
		"pk":66,
		"fields":{
			"template": 2,
			"question": 65
		}
	},   		 
	{
		"model": "website.TemplateQuestion",
		"pk":67,
		"fields":{
			"template": 2,
			"question": 66
		}
	},  
	{
		"model": "website.TemplateQuestion",
		"pk":68,
		"fields":{
			"template": 2,
			"question": 67
		}
	},  	
	{
		"model": "website.TemplateQuestion",
		"pk":69,
		"fields":{
			"template": 2,
			"question": 68
		}
	},
	{
		"model": "website.TemplateQuestion",
		"pk":70,
		"fields":{
			"template": 2,
			"question": 69
		}
	},   		 
	{
		"model": "website.TemplateQuestion",
		"pk":71,
		"fields":{
			"template": 2,
			"question": 70
		}
	},  
	{
		"model": "website.TemplateQuestion",
		"pk":72,
		"fields":{
			"template": 2,
			"question": 71
		}
	},  	
	{
		"model": "website.TemplateQuestion",
		"pk":73,
		"fields":{
			"template": 2,
			"question": 72
		}
	},	
	{
		"model": "website.TemplateQuestion",
		"pk":74,
		"fields":{
			"template": 2,
			"question": 73
		}
	},		
	{
		"model": "website.TemplateQuestion",
		"pk":75,
		"fields":{
			"template": 2,
			"question": 74
		}
	},  	
	{
		"model": "website.TemplateQuestion",
		"pk":76,
		"fields":{
			"template": 2,
			"question": 75
		}
	},
	{
		"model": "website.TemplateQuestion",
		"pk":77,
		"fields":{
			"template": 2,
			"question": 76
		}
	},   		 
	{
		"model": "website.TemplateQuestion",
		"pk":78,
		"fields":{
			"template": 2,
			"question": 77
		}
	},  	
	{
		"model": "website.TemplateQuestion",
		"pk":80,
		"fields":{
			"template": 2,
			"question": 79
		}
	},	
	{
		"model": "website.TemplateQuestion",
		"pk":81,
		"fields":{
			"template": 2,
			"question": 80
		}
	},		
	{
		"model": "website.TemplateQuestion",
		"pk":83,
		"fields":{
			"template": 2,
			"question": 82
		}
	},		
	{
		"model": "website.TemplateQuestion",
		"pk":84,
		"fields":{
			"template": 2,
			"question": 83
		}
	},  	
	{
		"model": "website.TemplateQuestion",
		"pk":85,
		"fields":{
			"template": 2,
			"question": 84
		}
	},	
	{
		"model": "website.TemplateQuestion",
		"pk":86,
		"fields":{
			"template": 2,
			"question": 85
		}
	},	
	{
		"model": "website.TemplateQuestion",
		"pk":87,
		"fields":{
			"template": 2,
			"question": 86
		}
	},	
	{
		"model": "website.TemplateQuestion",
		"pk":88,
		"fields":{
			"template": 2,
			"question": 87
		}
	},
	{
		"model": "website.TemplateQuestion",
		"pk":89,
		"fields":{
			"template": 2,
			"question": 88
		}
	},	
	{
		"model": "website.TemplateQuestion",
		"pk":90,
		"fields":{
			"template": 2,
			"question": 89
		}
	},
	{
		"model": "website.TemplateQuestion",
		"pk":91,
		"fields":{
			"template": 2,
			"question": 90
		}
	},	
	{
		"model": "website.TemplateQuestion",
		"pk":92,
		"fields":{
			"template": 2,
			"question": 91
		}
	},	
	{
		"model": "website.TemplateQuestion",
		"pk":93,
		"fields":{
			"template": 2,
			"question": 92
		}
	},	
	{
		"model": "website.TemplateQuestion",
		"pk":94,
		"fields":{
			"template": 2,
			"question": 93
		}
	},	
	{
		"model": "website.TemplateQuestion",
		"pk":95,
		"fields":{
			"template": 2,
			"question": 94
		}
	},	
	{
		"model": "website.TemplateQuestion",
		"pk":96,
		"fields":{
			"template": 2,
			"question": 95
		}
	},			
	{
		"model": "website.Question",
		"pk":96,
		"fields":{
			"form_type": "T",
			"display_order": "3",
			"default_value": "",
			"category": "1",
			"question": "Permit Cost",
			"label": "Permit fee"                                                       
		}
	}, 		
	{
		"model": "website.TemplateQuestion",
		"pk":97,
		"fields":{
			"template": 2,
			"question": 96
		}
	},		    
	{
		"model": "website.Question",
		"pk":97,
		"fields":{
			"form_type": "R",
			"display_order": "3",
			"default_value": "",
			"category": "1",
			"question": "Plan-check service type",
			"label": "Plan-check service type"                                                    
		}
	}, 		
	{
		"model": "website.TemplateQuestion",
		"pk":98,
		"fields":{
			"template": 2,
			"question": 97
		}
	},		 
	{
		"model": "website.Question",
		"pk":98,
		"fields":{
			"form_type": "R",
			"display_order": "3",
			"default_value": "",
			"category": "1",
			"question": "Accepts electronic submissions",
			"label": "Accepts electronic submissions"                                                            
		}
	}, 		
	{
		"model": "website.TemplateQuestion",
		"pk":99,
		"fields":{
			"template": 2,
			"question": 98
		}
	},	
	{
		"model": "website.Question",
		"pk":99,
		"fields":{
			"form_type": "TA",
			"display_order": "3",
			"default_value": "",
			"category": "1",
			"question": "Online forms",
			"label": "Links to online forms"                                                       
		}
	}, 		
	{
		"model": "website.TemplateQuestion",
		"pk":100,
		"fields":{
			"template": 2,
			"question": 99
		}
	}		    	                                                                                                                                                                                                                                                                                                                                                                                                                                                                                                                                                                                                                                                                                                                                                                                                                                                                                                                                                                                                                                                                                                                                                                   
]